ФИО;Почта;дата рождения;страна;телефон;пароль;фото;пол
Некрасов Эдуард Ильяович;jmcnamara@comcast.net;30.01.1962;44;+7 (919) 111-33-26;TRgd|ML5;foto20.jpg;муж
Воробьёв Арсений Львович;afifi@live.com;03.07.1962;88;+7 (907) 683-14-20;k2|P{#;foto21.jpg;муж
Киселёв Юрий Игнатьевич;jyoliver@outlook.com;22.08.1962;66;+7 (995) 944-33-11;@1Pjpp;foto22.jpg;мужской
Хохлов Осип Егорович;raides@comcast.net;19.09.1962;44;+7 (901) 661-10-85;B6$Mqa;foto23.jpg;мужской
Сысоев Гурий Юлианович;andale@yahoo.com;17.01.1963;73;+7 (975) 928-44-01;My?2yb;foto24.jpg;мужской
Воробьёв Кирилл Артёмович;howler@verizon.net;24.03.1963;5;+7 (995) 511-05-73;~fT}e3;foto25.jpg;мужской
Елисеев Мечислав Миронович;ryanshaw@gmail.com;29.10.1963;31;+7 (932) 528-98-92;}XpSL3J;foto26.jpg;м
Никонов Валерий Глебович;solomon@gmail.com;12.01.1964;97;+7 (953) 570-20-11;*Vg4%H;foto27.jpg;м
Копылов Максимилиан Леонидович;violinhi@sbcglobal.net;01.02.1966;41;+7 (986) 234-23-60;8*f49mU;foto28.jpg;муж
Фомин Богдан Гордеевич;crowemojo@optonline.net;28.02.1967;26;+7 (921) 418-15-88;Mp{xV~1;foto29.jpg;муж
Суворов Михаил Гордеевич;philen@yahoo.ca;16.06.1967;50;+7 (996) 411-65-86;$A6%oL~;foto30.jpg;мужской
Трофимов Эрнест Вениаминович;mgemmons@gmail.com;25.08.1968;68;+7 (994) 288-41-10;6vPZnZ\;foto31.jpg;м
Соколов Гордей Львович;dexter@yahoo.com;23.03.1970;71;+7 (924) 530-42-53;RFP9je|;foto32.jpg;муж
Миронов Исаак Оскарович;alhajj@comcast.net;07.10.1970;91;+7 (951) 750-17-47;MSP?^8nJ;foto33.jpg;мужской
Мухин Назарий Семёнович;djpig@hotmail.com;02.03.1973;81;+7 (919) 857-18-64;,9YHDsB;foto34.jpg;муж
Кононов Овидий Христофорович;rohitm@yahoo.ca;16.05.1973;18;+7 (903) 629-31-19;srOHCH,4;foto35.jpg;муж
Жуков Юстиниан Антонович;rkobes@aol.com;27.07.1973;80;+7 (919) 009-36-41;l8CyCh%,;foto36.jpg;м
Волков Евгений Якунович;jaesenj@icloud.com;11.10.1973;45;+7 (987) 062-83-45;e?94m%H;foto37.jpg;мужской
Стрелков Альберт Антонович;airship@icloud.com;26.12.1974;66;+7 (995) 763-83-95;IWjxC@9;foto38.jpg;м
Аксёнов Карл Лукьевич;staffelb@verizon.net;21.07.1975;87;+7 (906) 287-29-14;knJ}sI7;foto39.jpg;м
;;;;;;;
;;;;;;;
;;;;;;;
;;;;;;;
;;;;;;;
;;;;;;;
;;;;;;;
;;;;;;;
;;;;;;;
;;;;;;;
;;;;;;;
;;;;;;;
;;;;;;;
;;;;;;;
;;;;;;;
;;;;;;;
;;;;;;;
;;;;;;;
;;;;;;;
;;;;;;;
;;;;;;;
;;;;;;;
;;;;;;;
;;;;;;;
;;;;;;;
;;;;;;;
;;;;;;;
;;;;;;;
;;;;;;;
;;;;;;;
;;;;;;;
;;;;;;;
;;;;;;;
;;;;;;;
;;;;;;;
;;;;;;;
;;;;;;;
;;;;;;;
;;;;;;;
;;;;;;;
;;;;;;;
;;;;;;;
;;;;;;;
;;;;;;;
;;;;;;;
;;;;;;;
;;;;;;;
;;;;;;;
;;;;;;;
;;;;;;;
;;;;;;;
;;;;;;;
;;;;;;;
;;;;;;;
;;;;;;;
;;;;;;;
;;;;;;;
;;;;;;;
;;;;;;;
;;;;;;;
